design,scenario,level,fold,accuracy,measles_recall,measles_precision,coverage,caught_or_referred
1 old (unknown looks like no),missing,0.0,0,0.96875,1.0,1.0,1.0,1.0
2 v2 (unknown-aware),missing,0.0,0,0.9677083333333333,1.0,1.0,1.0,1.0
3 v2 + refer if key fields unknown,missing,0.0,0,0.9677083333333333,1.0,1.0,1.0,1.0
1 old (unknown looks like no),missing,0.05,0,0.9302083333333333,0.94375,0.967948717948718,1.0,0.94375
2 v2 (unknown-aware),missing,0.05,0,0.9625,1.0,1.0,1.0,1.0
3 v2 + refer if key fields unknown,missing,0.05,0,0.9630021141649049,1.0,1.0,0.9854166666666667,1.0
1 old (unknown looks like no),missing,0.1,0,0.875,0.875,0.9032258064516129,1.0,0.875
2 v2 (unknown-aware),missing,0.1,0,0.9520833333333333,1.0,0.9937888198757764,1.0,1.0
3 v2 + refer if key fields unknown,missing,0.1,0,0.9537953795379538,1.0,1.0,0.946875,1.0
1 old (unknown looks like no),missing,0.2,0,0.7864583333333334,0.825,0.868421052631579,1.0,0.825
2 v2 (unknown-aware),missing,0.2,0,0.9083333333333333,0.9875,1.0,1.0,0.9875
3 v2 + refer if key fields unknown,missing,0.2,0,0.9241830065359478,0.991869918699187,1.0,0.796875,0.99375
1 old (unknown looks like no),missing,0.3,0,0.721875,0.6875,0.7971014492753623,1.0,0.6875
2 v2 (unknown-aware),missing,0.3,0,0.9114583333333334,0.9625,0.9808917197452229,1.0,0.9625
3 v2 + refer if key fields unknown,missing,0.3,0,0.9360730593607306,0.9714285714285714,1.0,0.684375,0.98125
1 old (unknown looks like no),combined,0.0,0,0.96875,1.0,1.0,1.0,1.0
2 v2 (unknown-aware),combined,0.0,0,0.9677083333333333,1.0,1.0,1.0,1.0
3 v2 + refer if key fields unknown,combined,0.0,0,0.9677083333333333,1.0,1.0,1.0,1.0
1 old (unknown looks like no),combined,0.05,0,0.8802083333333334,0.925,0.8604651162790697,1.0,0.925
2 v2 (unknown-aware),combined,0.05,0,0.925,1.0,0.9580838323353293,1.0,1.0
3 v2 + refer if key fields unknown,combined,0.05,0,0.9248677248677248,1.0,0.9575757575757575,0.984375,1.0
1 old (unknown looks like no),combined,0.1,0,0.825,0.90625,0.8011049723756906,1.0,0.90625
2 v2 (unknown-aware),combined,0.1,0,0.871875,0.98125,0.8920454545454546,1.0,0.98125
3 v2 + refer if key fields unknown,combined,0.1,0,0.876940133037694,0.98,0.8963414634146342,0.9395833333333333,0.98125
1 old (unknown looks like no),combined,0.2,0,0.634375,0.71875,0.5897435897435898,1.0,0.71875
2 v2 (unknown-aware),combined,0.2,0,0.7458333333333333,0.925,0.736318407960199,1.0,0.925
3 v2 + refer if key fields unknown,combined,0.2,0,0.7563249001331558,0.9291338582677166,0.7239263803680982,0.7822916666666667,0.94375
1 old (unknown looks like no),combined,0.3,0,0.5052083333333334,0.6,0.5274725274725275,1.0,0.6
2 v2 (unknown-aware),combined,0.3,0,0.5989583333333334,0.8625,0.5822784810126582,1.0,0.8625
3 v2 + refer if key fields unknown,combined,0.3,0,0.6247987117552335,0.8958333333333334,0.5620915032679739,0.646875,0.9375
1 old (unknown looks like no),missing,0.0,1,0.9520833333333333,1.0,1.0,1.0,1.0
2 v2 (unknown-aware),missing,0.0,1,0.95625,1.0,1.0,1.0,1.0
3 v2 + refer if key fields unknown,missing,0.0,1,0.95625,1.0,1.0,1.0,1.0
1 old (unknown looks like no),missing,0.05,1,0.9020833333333333,0.9,0.935064935064935,1.0,0.9
2 v2 (unknown-aware),missing,0.05,1,0.9395833333333333,0.99375,1.0,1.0,0.99375
3 v2 + refer if key fields unknown,missing,0.05,1,0.9417372881355932,0.9936305732484076,1.0,0.9833333333333333,0.99375
1 old (unknown looks like no),missing,0.1,1,0.8635416666666667,0.9125,0.9012345679012346,1.0,0.9125
2 v2 (unknown-aware),missing,0.1,1,0.9270833333333334,0.99375,0.99375,1.0,0.99375
3 v2 + refer if key fields unknown,missing,0.1,1,0.9313725490196079,1.0,0.993421052631579,0.95625,1.0
1 old (unknown looks like no),missing,0.2,1,0.7947916666666667,0.8375,0.8701298701298701,1.0,0.8375
2 v2 (unknown-aware),missing,0.2,1,0.9083333333333333,0.9875,0.9813664596273292,1.0,0.9875
3 v2 + refer if key fields unknown,missing,0.2,1,0.9179292929292929,0.9854014598540146,0.9926470588235294,0.825,0.9875
1 old (unknown looks like no),missing,0.3,1,0.7135416666666666,0.7625,0.8591549295774648,1.0,0.7625
2 v2 (unknown-aware),missing,0.3,1,0.8635416666666667,0.95,0.9806451612903225,1.0,0.95
3 v2 + refer if key fields unknown,missing,0.3,1,0.8894308943089431,0.9509803921568627,0.9797979797979798,0.640625,0.96875
1 old (unknown looks like no),combined,0.0,1,0.9520833333333333,1.0,1.0,1.0,1.0
2 v2 (unknown-aware),combined,0.0,1,0.95625,1.0,1.0,1.0,1.0
3 v2 + refer if key fields unknown,combined,0.0,1,0.95625,1.0,1.0,1.0,1.0
1 old (unknown looks like no),combined,0.05,1,0.8947916666666667,0.95,0.926829268292683,1.0,0.95
2 v2 (unknown-aware),combined,0.05,1,0.925,0.99375,0.9695121951219512,1.0,0.99375
3 v2 + refer if key fields unknown,combined,0.05,1,0.928042328042328,0.9937106918238994,0.9693251533742331,0.984375,0.99375
1 old (unknown looks like no),combined,0.1,1,0.803125,0.88125,0.7877094972067039,1.0,0.88125
2 v2 (unknown-aware),combined,0.1,1,0.8572916666666667,0.9625,0.875,1.0,0.9625
3 v2 + refer if key fields unknown,combined,0.1,1,0.8626373626373627,0.9607843137254902,0.875,0.9479166666666666,0.9625
1 old (unknown looks like no),combined,0.2,1,0.646875,0.775,0.6595744680851063,1.0,0.775
2 v2 (unknown-aware),combined,0.2,1,0.721875,0.93125,0.6866359447004609,1.0,0.93125
3 v2 + refer if key fields unknown,combined,0.2,1,0.7368421052631579,0.9236641221374046,0.6875,0.8114583333333333,0.9375
1 old (unknown looks like no),combined,0.3,1,0.5197916666666667,0.575,0.5317919075144508,1.0,0.575
2 v2 (unknown-aware),combined,0.3,1,0.5947916666666667,0.83125,0.5683760683760684,1.0,0.83125
3 v2 + refer if key fields unknown,combined,0.3,1,0.6022727272727273,0.8461538461538461,0.5099337748344371,0.6416666666666667,0.9125
1 old (unknown looks like no),missing,0.0,2,0.9552083333333333,0.99375,1.0,1.0,0.99375
2 v2 (unknown-aware),missing,0.0,2,0.9541666666666667,0.99375,1.0,1.0,0.99375
3 v2 + refer if key fields unknown,missing,0.0,2,0.9541666666666667,0.99375,1.0,1.0,0.99375
1 old (unknown looks like no),missing,0.05,2,0.909375,0.96875,0.9567901234567902,1.0,0.96875
2 v2 (unknown-aware),missing,0.05,2,0.940625,0.98125,0.9936708860759493,1.0,0.98125
3 v2 + refer if key fields unknown,missing,0.05,2,0.9419831223628692,0.9811320754716981,0.9936305732484076,0.9875,0.98125
1 old (unknown looks like no),missing,0.1,2,0.8677083333333333,0.89375,0.9727891156462585,1.0,0.89375
2 v2 (unknown-aware),missing,0.1,2,0.925,0.975,0.9936305732484076,1.0,0.975
3 v2 + refer if key fields unknown,missing,0.1,2,0.9289617486338798,0.9736842105263158,0.9932885906040269,0.953125,0.975
1 old (unknown looks like no),missing,0.2,2,0.7833333333333333,0.78125,0.9259259259259259,1.0,0.78125
2 v2 (unknown-aware),missing,0.2,2,0.9135416666666667,0.975,0.9936305732484076,1.0,0.975
3 v2 + refer if key fields unknown,missing,0.2,2,0.9276485788113695,0.983739837398374,0.9918032786885246,0.80625,0.9875
1 old (unknown looks like no),missing,0.3,2,0.7010416666666667,0.6875,0.9090909090909091,1.0,0.6875
2 v2 (unknown-aware),missing,0.3,2,0.853125,0.9625,0.9746835443037974,1.0,0.9625
3 v2 + refer if key fields unknown,missing,0.3,2,0.8697749196141479,0.9702970297029703,0.98989898989899,0.6479166666666667,0.98125
1 old (unknown looks like no),combined,0.0,2,0.9552083333333333,0.99375,1.0,1.0,0.99375
2 v2 (unknown-aware),combined,0.0,2,0.9541666666666667,0.99375,1.0,1.0,0.99375
3 v2 + refer if key fields unknown,combined,0.0,2,0.9541666666666667,0.99375,1.0,1.0,0.99375
1 old (unknown looks like no),combined,0.05,2,0.89375,0.95625,0.9503105590062112,1.0,0.95625
2 v2 (unknown-aware),combined,0.05,2,0.9239583333333333,0.99375,0.9695121951219512,1.0,0.99375
3 v2 + refer if key fields unknown,combined,0.05,2,0.9233193277310925,0.9937106918238994,0.9693251533742331,0.9916666666666667,0.99375
1 old (unknown looks like no),combined,0.1,2,0.8145833333333333,0.8625,0.8414634146341463,1.0,0.8625
2 v2 (unknown-aware),combined,0.1,2,0.865625,0.975,0.8914285714285715,1.0,0.975
3 v2 + refer if key fields unknown,combined,0.1,2,0.8672470076169749,0.9743589743589743,0.8888888888888888,0.9572916666666667,0.975
1 old (unknown looks like no),combined,0.2,2,0.6322916666666667,0.7,0.6120218579234973,1.0,0.7
2 v2 (unknown-aware),combined,0.2,2,0.7208333333333333,0.95,0.6666666666666666,1.0,0.95
3 v2 + refer if key fields unknown,combined,0.2,2,0.7256637168141593,0.943089430894309,0.6338797814207651,0.8239583333333333,0.95625
1 old (unknown looks like no),combined,0.3,2,0.5041666666666667,0.575,0.5380116959064327,1.0,0.575
2 v2 (unknown-aware),combined,0.3,2,0.5895833333333333,0.84375,0.5510204081632653,1.0,0.84375
3 v2 + refer if key fields unknown,combined,0.3,2,0.6156351791530945,0.8611111111111112,0.5740740740740741,0.6395833333333333,0.90625
1 old (unknown looks like no),missing,0.0,3,0.9458333333333333,1.0,1.0,1.0,1.0
2 v2 (unknown-aware),missing,0.0,3,0.946875,1.0,1.0,1.0,1.0
3 v2 + refer if key fields unknown,missing,0.0,3,0.946875,1.0,1.0,1.0,1.0
1 old (unknown looks like no),missing,0.05,3,0.9083333333333333,0.94375,0.9869281045751634,1.0,0.94375
2 v2 (unknown-aware),missing,0.05,3,0.9385416666666667,1.0,1.0,1.0,1.0
3 v2 + refer if key fields unknown,missing,0.05,3,0.9397463002114165,1.0,1.0,0.9854166666666667,1.0
1 old (unknown looks like no),missing,0.1,3,0.8489583333333334,0.91875,0.9607843137254902,1.0,0.91875
2 v2 (unknown-aware),missing,0.1,3,0.9302083333333333,1.0,1.0,1.0,1.0
3 v2 + refer if key fields unknown,missing,0.1,3,0.9391592920353983,1.0,1.0,0.9416666666666667,1.0
1 old (unknown looks like no),missing,0.2,3,0.7791666666666667,0.8,0.8533333333333334,1.0,0.8
2 v2 (unknown-aware),missing,0.2,3,0.9114583333333334,1.0,0.9937888198757764,1.0,1.0
3 v2 + refer if key fields unknown,missing,0.2,3,0.9258312020460358,1.0,1.0,0.8145833333333333,1.0
1 old (unknown looks like no),missing,0.3,3,0.7125,0.66875,0.856,1.0,0.66875
2 v2 (unknown-aware),missing,0.3,3,0.88125,0.95625,0.9745222929936306,1.0,0.95625
3 v2 + refer if key fields unknown,missing,0.3,3,0.9010819165378671,0.9646017699115044,0.990909090909091,0.6739583333333333,0.975
1 old (unknown looks like no),combined,0.0,3,0.9458333333333333,1.0,1.0,1.0,1.0
2 v2 (unknown-aware),combined,0.0,3,0.946875,1.0,1.0,1.0,1.0
3 v2 + refer if key fields unknown,combined,0.0,3,0.946875,1.0,1.0,1.0,1.0
1 old (unknown looks like no),combined,0.05,3,0.8854166666666666,0.95625,0.9107142857142857,1.0,0.95625
2 v2 (unknown-aware),combined,0.05,3,0.9239583333333333,1.0,0.9876543209876543,1.0,1.0
3 v2 + refer if key fields unknown,combined,0.05,3,0.9242105263157895,1.0,0.9875776397515528,0.9895833333333334,1.0
1 old (unknown looks like no),combined,0.1,3,0.784375,0.88125,0.7833333333333333,1.0,0.88125
2 v2 (unknown-aware),combined,0.1,3,0.8614583333333333,0.9875,0.8926553672316384,1.0,0.9875
3 v2 + refer if key fields unknown,combined,0.1,3,0.8671706263498921,0.9867549668874173,0.8922155688622755,0.9645833333333333,0.9875
1 old (unknown looks like no),combined,0.2,3,0.6083333333333333,0.7375,0.6483516483516484,1.0,0.7375
2 v2 (unknown-aware),combined,0.2,3,0.6927083333333334,0.925,0.7047619047619048,1.0,0.925
3 v2 + refer if key fields unknown,combined,0.2,3,0.7164366373902133,0.9420289855072463,0.7065217391304348,0.8302083333333333,0.95
1 old (unknown looks like no),combined,0.3,3,0.5291666666666667,0.56875,0.56875,1.0,0.56875
2 v2 (unknown-aware),combined,0.3,3,0.6333333333333333,0.8875,0.5966386554621849,1.0,0.8875
3 v2 + refer if key fields unknown,combined,0.3,3,0.6747181964573269,0.91,0.5947712418300654,0.646875,0.94375
1 old (unknown looks like no),missing,0.0,4,0.96875,1.0,1.0,1.0,1.0
2 v2 (unknown-aware),missing,0.0,4,0.9677083333333333,1.0,1.0,1.0,1.0
3 v2 + refer if key fields unknown,missing,0.0,4,0.9677083333333333,1.0,1.0,1.0,1.0
1 old (unknown looks like no),missing,0.05,4,0.9322916666666666,0.95625,0.95625,1.0,0.95625
2 v2 (unknown-aware),missing,0.05,4,0.9625,1.0,1.0,1.0,1.0
3 v2 + refer if key fields unknown,missing,0.05,4,0.9640591966173362,1.0,1.0,0.9854166666666667,1.0
1 old (unknown looks like no),missing,0.1,4,0.88125,0.90625,0.9477124183006536,1.0,0.90625
2 v2 (unknown-aware),missing,0.1,4,0.9489583333333333,1.0,0.9937888198757764,1.0,1.0
3 v2 + refer if key fields unknown,missing,0.1,4,0.9550438596491229,1.0,0.9934640522875817,0.95,1.0
1 old (unknown looks like no),missing,0.2,4,0.8104166666666667,0.80625,0.8835616438356164,1.0,0.80625
2 v2 (unknown-aware),missing,0.2,4,0.9177083333333333,0.98125,0.9751552795031055,1.0,0.98125
3 v2 + refer if key fields unknown,missing,0.2,4,0.9392405063291139,0.9851851851851852,0.9851851851851852,0.8229166666666666,0.9875
1 old (unknown looks like no),missing,0.3,4,0.7166666666666667,0.675,0.8181818181818182,1.0,0.675
2 v2 (unknown-aware),missing,0.3,4,0.875,0.95,0.987012987012987,1.0,0.95
3 v2 + refer if key fields unknown,missing,0.3,4,0.9258114374034003,0.9626168224299065,1.0,0.6739583333333333,0.975
1 old (unknown looks like no),combined,0.0,4,0.96875,1.0,1.0,1.0,1.0
2 v2 (unknown-aware),combined,0.0,4,0.9677083333333333,1.0,1.0,1.0,1.0
3 v2 + refer if key fields unknown,combined,0.0,4,0.9677083333333333,1.0,1.0,1.0,1.0
1 old (unknown looks like no),combined,0.05,4,0.89375,0.91875,0.91875,1.0,0.91875
2 v2 (unknown-aware),combined,0.05,4,0.9322916666666666,1.0,0.9580838323353293,1.0,1.0
3 v2 + refer if key fields unknown,combined,0.05,4,0.9316508937960042,1.0,0.9578313253012049,0.990625,1.0
1 old (unknown looks like no),combined,0.1,4,0.8,0.9125,0.7564766839378239,1.0,0.9125
2 v2 (unknown-aware),combined,0.1,4,0.859375,0.99375,0.8548387096774194,1.0,0.99375
3 v2 + refer if key fields unknown,combined,0.1,4,0.8614190687361419,0.9932885906040269,0.8554913294797688,0.9395833333333333,0.99375
1 old (unknown looks like no),combined,0.2,4,0.61875,0.73125,0.6428571428571429,1.0,0.73125
2 v2 (unknown-aware),combined,0.2,4,0.7208333333333333,0.91875,0.6743119266055045,1.0,0.91875
3 v2 + refer if key fields unknown,combined,0.2,4,0.7355889724310777,0.9051094890510949,0.6739130434782609,0.83125,0.91875
1 old (unknown looks like no),combined,0.3,4,0.5052083333333334,0.50625,0.49693251533742333,1.0,0.50625
2 v2 (unknown-aware),combined,0.3,4,0.59375,0.8375,0.5702127659574469,1.0,0.8375
3 v2 + refer if key fields unknown,combined,0.3,4,0.6271186440677966,0.8857142857142857,0.5636363636363636,0.6760416666666667,0.925
